feature,coef,std err,t,P>|t|,[0.025,0.975],count,codon_feature,codon_frequencies
const,0.5103,0.051,9.997,0.0,0.406,0.615,48.0,,
L61G,-0.5103,0.144,-3.535,0.001,-0.806,-0.215,1.0,TTG61GGC,{'GGC': 1}
F62E,-0.2981,0.144,-2.065,0.048,-0.594,-0.002,1.0,TTC62GAG,{'GAG': 1}
L85V,0.3031,0.108,2.8,0.009,0.081,0.525,2.0,TTG85GTG,{'GTG': 1}
A86E,-0.5103,0.093,-5.476,0.0,-0.701,-0.319,3.0,GCT86GAG,{'GAG': 1}
I91K,-0.4572,0.108,-4.223,0.0,-0.679,-0.235,2.0,ATT91AAG,{'AAG': 1}
N95G,0.3267,0.093,3.506,0.002,0.136,0.518,3.0,AAC95GGC,{'GGC': 1}
D103E,0.7717,0.108,7.128,0.0,0.55,0.994,2.0,GAT103GAG,{'GAG': 1}
I106K,-0.3688,0.108,-3.406,0.002,-0.591,-0.147,2.0,ATT106AAG,{'AAG': 1}
G131S,0.0,0.0,,,0.0,0.0,1.0,GGT131AGC,{'AGC': 1}
A132F,-0.5103,0.108,-4.713,0.0,-0.732,-0.288,2.0,GCT132TTC,{'TTC': 1}
E142V,0.0,0.0,,,0.0,0.0,1.0,GAA142GTG,{'GTG': 1}
I149E,-0.5103,0.108,-4.713,0.0,-0.732,-0.288,2.0,ATC149GAG,{'GAG': 1}
Y153E,0.4387,0.093,4.708,0.0,0.248,0.63,3.0,TAC153GAG,{'GAG': 1}
Y153Q,0.2324,0.108,2.146,0.041,0.011,0.454,2.0,TAC153CAG,{'CAG': 1}
Q156L,0.0,0.0,,,0.0,0.0,1.0,CAA156CTG,{'CTG': 1}
L181G,-0.5103,0.108,-4.713,0.0,-0.732,-0.288,2.0,TTG181GGC,{'GGC': 1}
L211E,-0.5103,0.093,-5.476,0.0,-0.701,-0.319,3.0,TTG211GAG,{'GAG': 1}
F216V,0.0,0.0,,,0.0,0.0,3.0,TTC216GTG,{'GTG': 1}
E218F,-0.4484,0.108,-4.141,0.0,-0.67,-0.227,2.0,GAA218TTC,{'TTC': 1}
F220G,0.5418,0.108,5.004,0.0,0.32,0.764,2.0,TTC220GGC,{'GGC': 1}
D229P,-0.5103,0.144,-3.535,0.001,-0.806,-0.215,1.0,GAT229CCG,{'CCG': 1}
L253E,-0.4985,0.093,-5.349,0.0,-0.689,-0.308,3.0,TTA253GAG,{'GAG': 1}
Q280G,0.309,0.093,3.316,0.003,0.118,0.5,3.0,CAA280GGC,{'GGC': 1}
